{"cameraMode":{"drawMode":0,"name":"Shaded","section":"Shading Mode"},"sceneLighting":false,"audioPlay":false,"sceneViewState":{"showFog":true,"showMaterialUpdate":false,"showSkybox":true,"showFlares":true,"showImageEffects":true,"showParticleSystems":true},"in2DMode":false,"pivot":{"x":-3.725290298461914e-8,"y":0.02503129467368126,"z":0.0},"rotation":{"x":-0.007358882110565901,"y":0.1937604695558548,"z":-0.0014533029170706869,"w":-0.9810202121734619},"size":0.37036511301994326,"orthographic":false}