{"cameraMode":{"drawMode":0,"name":"Shaded","section":"Shading Mode"},"sceneLighting":false,"audioPlay":false,"sceneViewState":{"showFog":true,"showMaterialUpdate":false,"showSkybox":true,"showFlares":true,"showImageEffects":true,"showParticleSystems":true},"in2DMode":false,"pivot":{"x":5.960464477539063e-8,"y":0.09549146890640259,"z":0.18731021881103517},"rotation":{"x":-0.18933670222759248,"y":-0.011782586574554444,"z":0.002272112760692835,"w":-0.9818388819694519},"size":4.375120162963867,"orthographic":false}